-- 고객 생성
INSERT INTO customer (id, username, created_at, updated_at)
VALUES (1001, 'Admin', NOW(), NOW())
ON DUPLICATE KEY UPDATE
  username = VALUES(username),
  updated_at = NOW();

-- 잔액 생성
INSERT INTO balance (id, customer_id, amount, created_at, updated_at)
VALUES (1001, 1001, 500000, NOW(), NOW())
ON DUPLICATE KEY UPDATE
  amount = VALUES(amount),
  updated_at = NOW();

-- 쿠폰 20개 생성
INSERT INTO coupon (id, name, discount_type, discount_amount, current_quantity, total_quantity, started_at, expired_at, created_at, updated_at)
VALUES
(5001, '웰컴 쿠폰 1000원', 'FIXED', 1000, 100, 100, NOW(), DATE_ADD(NOW(), INTERVAL 10 DAY), NOW(), NOW()),
(5002, '봄맞이 10% 할인', 'RATE', 10, 200, 200, NOW(), DATE_ADD(NOW(), INTERVAL 10 DAY), NOW(), NOW()),
(5003, '여름 세일 2000원', 'FIXED', 2000, 150, 150, NOW(), DATE_ADD(NOW(), INTERVAL 10 DAY), NOW(), NOW()),
(5004, '겨울 15% 할인', 'RATE', 15, 50, 50, NOW(), DATE_ADD(NOW(), INTERVAL 10 DAY), NOW(), NOW()),
(5005, '신규가입 5%', 'RATE', 5, 300, 300, NOW(), DATE_ADD(NOW(), INTERVAL 10 DAY), NOW(), NOW()),
(5006, '블랙프라이데이 3000원', 'FIXED', 3000, 80, 80, NOW(), DATE_ADD(NOW(), INTERVAL 10 DAY), NOW(), NOW()),
(5007, '무료배송 쿠폰', 'FIXED', 2500, 120, 120, NOW(), DATE_ADD(NOW(), INTERVAL 10 DAY), NOW(), NOW()),
(5008, '한정 수량 20% 할인', 'RATE', 20, 30, 30, NOW(), DATE_ADD(NOW(), INTERVAL 10 DAY), NOW(), NOW()),
(5009, '회원 전용 1000원', 'FIXED', 1000, 60, 60, NOW(), DATE_ADD(NOW(), INTERVAL 10 DAY), NOW(), NOW()),
(5010, '시즌오프 3000원', 'FIXED', 3000, 70, 70, NOW(), DATE_ADD(NOW(), INTERVAL 10 DAY), NOW(), NOW()),
(5011, '이벤트 8%', 'RATE', 8, 200, 200, NOW(), DATE_ADD(NOW(), INTERVAL 10 DAY), NOW(), NOW()),
(5012, '장바구니 할인 1500원', 'FIXED', 1500, 90, 90, NOW(), DATE_ADD(NOW(), INTERVAL 10 DAY), NOW(), NOW()),
(5013, '중복 가능 쿠폰 5%', 'RATE', 5, 100, 100, NOW(), DATE_ADD(NOW(), INTERVAL 10 DAY), NOW(), NOW()),
(5014, '즉시할인 500원', 'FIXED', 500, 120, 120, NOW(), DATE_ADD(NOW(), INTERVAL 10 DAY), NOW(), NOW()),
(5015, '럭키세븐 777원', 'FIXED', 777, 77, 77, NOW(), DATE_ADD(NOW(), INTERVAL 10 DAY), NOW(), NOW()),
(5016, '카테고리 할인 2000원', 'FIXED', 2000, 130, 130, NOW(), DATE_ADD(NOW(), INTERVAL 10 DAY), NOW(), NOW()),
(5017, '기념일 9% 할인', 'RATE', 9, 110, 110, NOW(), DATE_ADD(NOW(), INTERVAL 10 DAY), NOW(), NOW()),
(5018, '선물용 10% 할인', 'RATE', 10, 85, 85, NOW(), DATE_ADD(NOW(), INTERVAL 10 DAY), NOW(), NOW()),
(5019, '결제 할인 1000원', 'FIXED', 1000, 95, 95, NOW(), DATE_ADD(NOW(), INTERVAL 10 DAY), NOW(), NOW()),
(5020, '후기 작성 쿠폰 1500원', 'FIXED', 1500, 50, 50, NOW(), DATE_ADD(NOW(), INTERVAL 10 DAY), NOW(), NOW())
ON DUPLICATE KEY UPDATE
  name = VALUES(name),
  discount_type = VALUES(discount_type),
  discount_amount = VALUES(discount_amount),
  current_quantity = VALUES(current_quantity),
  total_quantity = VALUES(total_quantity),
  started_at = VALUES(started_at),
  expired_at = VALUES(expired_at),
  updated_at = NOW();

-- Admin 사용자에게 쿠폰 10개 발급
INSERT INTO customer_coupon (customer_id, coupon_id, status, version, issued_at, updated_at)
VALUES
(1001, 5001, 'AVAILABLE', 0, NOW(), NOW()),
(1001, 5002, 'AVAILABLE', 0, NOW(), NOW()),
(1001, 5003, 'AVAILABLE', 0, NOW(), NOW()),
(1001, 5004, 'AVAILABLE', 0, NOW(), NOW()),
(1001, 5005, 'AVAILABLE', 0, NOW(), NOW()),
(1001, 5006, 'AVAILABLE', 0, NOW(), NOW()),
(1001, 5007, 'AVAILABLE', 0, NOW(), NOW()),
(1001, 5008, 'AVAILABLE', 0, NOW(), NOW()),
(1001, 5009, 'AVAILABLE', 0, NOW(), NOW()),
(1001, 5010, 'AVAILABLE', 0, NOW(), NOW());

-- 상품 20개 생성
INSERT INTO product (id, name, base_price, created_at, updated_at) VALUES
(2001, '티셔츠', 10000, NOW(), NOW()),
(2002, '후드티', 15000, NOW(), NOW()),
(2003, '청바지', 20000, NOW(), NOW()),
(2004, '운동화', 30000, NOW(), NOW()),
(2005, '점퍼', 25000, NOW(), NOW()),
(2006, '셔츠', 12000, NOW(), NOW()),
(2007, '슬랙스', 18000, NOW(), NOW()),
(2008, '모자', 8000, NOW(), NOW()),
(2009, '스니커즈', 22000, NOW(), NOW()),
(2010, '가방', 40000, NOW(), NOW()),
(2011, '슬랙스_1', 30000, NOW(), NOW()),
(2012, '모자_2', 18000, NOW(), NOW()),
(2013, '운동화_3', 25000, NOW(), NOW()),
(2014, '청바지_4', 15000, NOW(), NOW()),
(2015, '모자_5', 8000, NOW(), NOW()),
(2016, '점퍼_6', 20000, NOW(), NOW()),
(2017, '셔츠_7', 18000, NOW(), NOW()),
(2018, '가방_8', 18000, NOW(), NOW()),
(2019, '후드티_9', 20000, NOW(), NOW()),
(2020, '모자_10', 22000, NOW(), NOW())
ON DUPLICATE KEY UPDATE
  name = VALUES(name),
  base_price = VALUES(base_price),
  updated_at = NOW();

-- 각 상품마다 옵션 3개씩 생성 (S, M, L)
INSERT INTO product_option (id, product_id, option_name, extra_price, created_at, updated_at) VALUES
(3001, 2001, 'S', 0, NOW(), NOW()), (3002, 2001, 'M', 1000, NOW(), NOW()), (3003, 2001, 'L', 2000, NOW(), NOW()),
(3004, 2002, 'S', 0, NOW(), NOW()), (3005, 2002, 'M', 1000, NOW(), NOW()), (3006, 2002, 'L', 2000, NOW(), NOW()),
(3007, 2003, 'S', 0, NOW(), NOW()), (3008, 2003, 'M', 1000, NOW(), NOW()), (3009, 2003, 'L', 2000, NOW(), NOW()),
(3010, 2004, 'S', 0, NOW(), NOW()), (3011, 2004, 'M', 1000, NOW(), NOW()), (3012, 2004, 'L', 2000, NOW(), NOW()),
(3013, 2005, 'S', 0, NOW(), NOW()), (3014, 2005, 'M', 1000, NOW(), NOW()), (3015, 2005, 'L', 2000, NOW(), NOW()),
(3016, 2006, 'S', 0, NOW(), NOW()), (3017, 2006, 'M', 1000, NOW(), NOW()), (3018, 2006, 'L', 2000, NOW(), NOW()),
(3019, 2007, 'S', 0, NOW(), NOW()), (3020, 2007, 'M', 1000, NOW(), NOW()), (3021, 2007, 'L', 2000, NOW(), NOW()),
(3022, 2008, 'S', 0, NOW(), NOW()), (3023, 2008, 'M', 1000, NOW(), NOW()), (3024, 2008, 'L', 2000, NOW(), NOW()),
(3025, 2009, 'S', 0, NOW(), NOW()), (3026, 2009, 'M', 1000, NOW(), NOW()), (3027, 2009, 'L', 2000, NOW(), NOW()),
(3028, 2010, 'S', 0, NOW(), NOW()), (3029, 2010, 'M', 1000, NOW(), NOW()), (3030, 2010, 'L', 2000, NOW(), NOW())
ON DUPLICATE KEY UPDATE
  product_id = VALUES(product_id),
  option_name = VALUES(option_name),
  extra_price = VALUES(extra_price),
  updated_at = NOW();

-- 각 옵션별 재고 생성
INSERT INTO stock (id, product_option_id, quantity, updated_at) VALUES
(4001, 3001, 10, NOW()), (4002, 3002, 10, NOW()), (4003, 3003, 10, NOW()),
(4004, 3004, 10, NOW()), (4005, 3005, 10, NOW()), (4006, 3006, 10, NOW()),
(4007, 3007, 10, NOW()), (4008, 3008, 10, NOW()), (4009, 3009, 10, NOW()),
(4010, 3010, 10, NOW()), (4011, 3011, 10, NOW()), (4012, 3012, 10, NOW()),
(4013, 3013, 10, NOW()), (4014, 3014, 10, NOW()), (4015, 3015, 10, NOW()),
(4016, 3016, 10, NOW()), (4017, 3017, 10, NOW()), (4018, 3018, 10, NOW()),
(4019, 3019, 10, NOW()), (4020, 3020, 10, NOW()), (4021, 3021, 10, NOW()),
(4022, 3022, 10, NOW()), (4023, 3023, 10, NOW()), (4024, 3024, 10, NOW()),
(4025, 3025, 10, NOW()), (4026, 3026, 10, NOW()), (4027, 3027, 10, NOW()),
(4028, 3028, 10, NOW()), (4029, 3029, 10, NOW()), (4030, 3030, 10, NOW())
ON DUPLICATE KEY UPDATE
  product_option_id = VALUES(product_option_id),
  quantity = VALUES(quantity),
  updated_at = NOW();

-- 상품별 통계 생성
INSERT INTO statistic (product_id, sales_count, sold_at) VALUES
(2001, 5, DATE_SUB(NOW(), INTERVAL 1 DAY)),
(2002, 3, DATE_SUB(NOW(), INTERVAL 2 DAY)),
(2003, 8, DATE_SUB(NOW(), INTERVAL 3 DAY)),
(2004, 2, DATE_SUB(NOW(), INTERVAL 4 DAY)),
(2005, 7, DATE_SUB(NOW(), INTERVAL 5 DAY)),
(2006, 1, DATE_SUB(NOW(), INTERVAL 6 DAY)),
(2007, 9, DATE_SUB(NOW(), INTERVAL 7 DAY)),
(2008, 4, DATE_SUB(NOW(), INTERVAL 8 DAY)),
(2009, 6, DATE_SUB(NOW(), INTERVAL 9 DAY)),
(2010, 2, DATE_SUB(NOW(), INTERVAL 10 DAY)),
(2001, 3, DATE_SUB(NOW(), INTERVAL 2 DAY)),
(2002, 5, DATE_SUB(NOW(), INTERVAL 3 DAY)),
(2003, 4, DATE_SUB(NOW(), INTERVAL 4 DAY)),
(2004, 6, DATE_SUB(NOW(), INTERVAL 5 DAY)),
(2005, 2, DATE_SUB(NOW(), INTERVAL 6 DAY)),
(2006, 7, DATE_SUB(NOW(), INTERVAL 7 DAY)),
(2007, 3, DATE_SUB(NOW(), INTERVAL 8 DAY)),
(2008, 6, DATE_SUB(NOW(), INTERVAL 9 DAY)),
(2009, 4, DATE_SUB(NOW(), INTERVAL 10 DAY)),
(2010, 5, DATE_SUB(NOW(), INTERVAL 1 DAY)),
(2001, 7, DATE_SUB(NOW(), INTERVAL 3 DAY)),
(2002, 2, DATE_SUB(NOW(), INTERVAL 4 DAY)),
(2003, 5, DATE_SUB(NOW(), INTERVAL 5 DAY)),
(2004, 1, DATE_SUB(NOW(), INTERVAL 6 DAY)),
(2005, 4, DATE_SUB(NOW(), INTERVAL 7 DAY)),
(2006, 8, DATE_SUB(NOW(), INTERVAL 8 DAY)),
(2007, 6, DATE_SUB(NOW(), INTERVAL 9 DAY)),
(2008, 2, DATE_SUB(NOW(), INTERVAL 10 DAY)),
(2009, 7, DATE_SUB(NOW(), INTERVAL 1 DAY)),
(2010, 3, DATE_SUB(NOW(), INTERVAL 2 DAY)),
(2001, 4, DATE_SUB(NOW(), INTERVAL 4 DAY)),
(2002, 6, DATE_SUB(NOW(), INTERVAL 5 DAY)),
(2003, 2, DATE_SUB(NOW(), INTERVAL 6 DAY)),
(2004, 5, DATE_SUB(NOW(), INTERVAL 7 DAY)),
(2005, 8, DATE_SUB(NOW(), INTERVAL 8 DAY)),
(2006, 3, DATE_SUB(NOW(), INTERVAL 9 DAY)),
(2007, 1, DATE_SUB(NOW(), INTERVAL 10 DAY)),
(2008, 9, DATE_SUB(NOW(), INTERVAL 1 DAY)),
(2009, 2, DATE_SUB(NOW(), INTERVAL 2 DAY)),
(2010, 4, DATE_SUB(NOW(), INTERVAL 3 DAY)),
(2001, 6, DATE_SUB(NOW(), INTERVAL 5 DAY)),
(2002, 4, DATE_SUB(NOW(), INTERVAL 6 DAY)),
(2003, 9, DATE_SUB(NOW(), INTERVAL 7 DAY)),
(2004, 7, DATE_SUB(NOW(), INTERVAL 8 DAY)),
(2005, 3, DATE_SUB(NOW(), INTERVAL 9 DAY)),
(2006, 5, DATE_SUB(NOW(), INTERVAL 10 DAY)),
(2007, 8, DATE_SUB(NOW(), INTERVAL 1 DAY)),
(2008, 1, DATE_SUB(NOW(), INTERVAL 2 DAY)),
(2009, 3, DATE_SUB(NOW(), INTERVAL 3 DAY)),
(2010, 6, DATE_SUB(NOW(), INTERVAL 4 DAY)),
(2001, 2, DATE_SUB(NOW(), INTERVAL 6 DAY)),
(2002, 9, DATE_SUB(NOW(), INTERVAL 7 DAY)),
(2003, 7, DATE_SUB(NOW(), INTERVAL 8 DAY)),
(2004, 3, DATE_SUB(NOW(), INTERVAL 9 DAY)),
(2005, 6, DATE_SUB(NOW(), INTERVAL 10 DAY)),
(2006, 2, DATE_SUB(NOW(), INTERVAL 1 DAY)),
(2007, 4, DATE_SUB(NOW(), INTERVAL 2 DAY)),
(2008, 5, DATE_SUB(NOW(), INTERVAL 3 DAY)),
(2009, 1, DATE_SUB(NOW(), INTERVAL 4 DAY)),
(2010, 7, DATE_SUB(NOW(), INTERVAL 5 DAY)),
(2001, 9, DATE_SUB(NOW(), INTERVAL 7 DAY)),
(2002, 7, DATE_SUB(NOW(), INTERVAL 8 DAY)),
(2003, 1, DATE_SUB(NOW(), INTERVAL 9 DAY)),
(2004, 2, DATE_SUB(NOW(), INTERVAL 10 DAY)),
(2005, 5, DATE_SUB(NOW(), INTERVAL 1 DAY)),
(2006, 6, DATE_SUB(NOW(), INTERVAL 2 DAY)),
(2007, 3, DATE_SUB(NOW(), INTERVAL 3 DAY)),
(2008, 7, DATE_SUB(NOW(), INTERVAL 4 DAY)),
(2009, 5, DATE_SUB(NOW(), INTERVAL 5 DAY)),
(2010, 8, DATE_SUB(NOW(), INTERVAL 6 DAY)),
(2001, 1, DATE_SUB(NOW(), INTERVAL 8 DAY)),
(2002, 3, DATE_SUB(NOW(), INTERVAL 9 DAY)),
(2003, 6, DATE_SUB(NOW(), INTERVAL 10 DAY)),
(2004, 4, DATE_SUB(NOW(), INTERVAL 1 DAY)),
(2005, 9, DATE_SUB(NOW(), INTERVAL 2 DAY)),
(2006, 7, DATE_SUB(NOW(), INTERVAL 3 DAY)),
(2007, 2, DATE_SUB(NOW(), INTERVAL 4 DAY)),
(2008, 3, DATE_SUB(NOW(), INTERVAL 5 DAY)),
(2009, 8, DATE_SUB(NOW(), INTERVAL 6 DAY)),
(2010, 1, DATE_SUB(NOW(), INTERVAL 7 DAY)),
(2001, 5, DATE_SUB(NOW(), INTERVAL 9 DAY)),
(2002, 1, DATE_SUB(NOW(), INTERVAL 10 DAY)),
(2003, 3, DATE_SUB(NOW(), INTERVAL 1 DAY)),
(2004, 8, DATE_SUB(NOW(), INTERVAL 2 DAY)),
(2005, 1, DATE_SUB(NOW(), INTERVAL 3 DAY)),
(2006, 4, DATE_SUB(NOW(), INTERVAL 4 DAY)),
(2007, 5, DATE_SUB(NOW(), INTERVAL 5 DAY)),
(2008, 6, DATE_SUB(NOW(), INTERVAL 6 DAY)),
(2009, 9, DATE_SUB(NOW(), INTERVAL 7 DAY)),
(2010, 2, DATE_SUB(NOW(), INTERVAL 8 DAY)),
(2001, 8, DATE_SUB(NOW(), INTERVAL 10 DAY)),
(2002, 2, DATE_SUB(NOW(), INTERVAL 1 DAY)),
(2003, 4, DATE_SUB(NOW(), INTERVAL 2 DAY)),
(2004, 6, DATE_SUB(NOW(), INTERVAL 3 DAY)),
(2005, 2, DATE_SUB(NOW(), INTERVAL 4 DAY)),
(2006, 9, DATE_SUB(NOW(), INTERVAL 5 DAY)),
(2007, 7, DATE_SUB(NOW(), INTERVAL 6 DAY)),
(2008, 4, DATE_SUB(NOW(), INTERVAL 7 DAY)),
(2009, 2, DATE_SUB(NOW(), INTERVAL 8 DAY)),
(2010, 9, DATE_SUB(NOW(), INTERVAL 9 DAY))
ON DUPLICATE KEY UPDATE
  sales_count = VALUES(sales_count);
